Name,rank,region,longitude,latitude,age,height,weight,run400,run5k,fran,candj,snatch,deadlift,backsq,pullups,coach,certification,multiple,howlong
JasonSmith,10,South Africa,22.9375,-30.5595,30,73,195,65,1270,133,345,275,550,450,65,0,0,1,2
NealMaddox,1,Northern California (San Jose),-121.8863,37.3382,37,70,205,61,1170,124,345,295,505,500,70,0,1,0,0
JamesNewbury,5,Australia,133.7751,-25.2744,24,70,190,53,1224,126,276,220,496,375,65,1,1,1,2
NealMaddox,9,Northern California (San Jose),-120.8958,38.8375,37,70,205,61,1200,124,345,295,505,500,60,0,1,0,0
MattMcleod,7,Australia,133.7751,-25.2744,21,65,165,62,1230,136,265,227,485,375,63,1,1,1,2
ChadMackay,9,Australia,133.7751,-25.2744,33,73,225,60,1200,140,331,287,485,441,65,0,1,1,2
NunoCosta,4,Southern California (San Diego),-117.1611,32.7157,36,69,170,47,1275,125,305,230,495,420,60,0,1,0,0
RobForte,12,Australia,133.7751,-25.2744,28,69,194,59,1230,136,325,270,522,430,63,0,0,1,2
RoyceDunne,16,Australia,133.7751,-25.2744,24,72,216,63,1210,157,365,308,600,496,50,0,0,1,2
KevinManuel,17,Australia,133.7751,-25.2744,28,74,198,65,1270,141,352,286,528,451,55,0,0,1,2
ChrisSpealler,3,South West (Utah),-111.0937,39.3210,35,65,147,63,1172,128,285,230,425,380,80,1,1,0,0
ChrisSpealler,28,South West (Utah),-111.0937,39.3210,35,65,147,63,1372,128,285,230,425,380,65,1,1,0,0
KhanPorter,24,Australia,133.7751,-25.2744,25,71,203,59,1471,161,342,276,507,441,70,0,1,1,2
ZekeGrove,30,Australia,133.7751,-25.2744,26,67,182,62,1400,151,348,275,517,440,46,1,0,1,2
BrandonSwan,30,Australia,133.7751,-25.2744,23,69,185,58,1492,153,331,276,551,441,50,1,1,1,2
RickyGarard,39,Australia,133.7751,-25.2744,20,70,179,51,1452,180,352,286,517,429,45,1,1,1,2
JoshPetlowany,5,South West (Arizona),-111.0937,34.0489,35,72,210,57,1268,131,325,255,475,415,65,0,0,0,0
LukeFiso,52,Australia,133.7751,-25.2744,25,69,189,53,1495,203,298,265,485,403,47,0,1,1,2
OrlandoTrejo,43,Peru,-75.0152,-9.19,26,64,159,62,1400,185,335,265,463,441,55,0,0,1,2
SebastianRodriguez,100,Ecuador,-78.1834,-1.8312,22,67,176,61,1698,202,150,220,350,200,35,0,0,0,0
MattheausOtero,107,Trinidad and Tobago,-61.2225,10.6918,24,67,180,58,1550,192,315,265,355,260,40,1,1,0,0
KobeKhy,129,Cambodia,104.9910,12.5657,27,67,142,73,1581,220,154,132,353,243,30,1,0,0,0
JustinHernandez,85,Philippines,121.7740,12.8797,28,68,181,98,1900,200,330,265,505,445,45,1,1,0,0
LuisPerez,13,Mexico,-102.5528,23.6345,29,70,172,58,1190,145,285,215,495,385,50,1,1,1,2
BenSmith,1,South Central (key west Florida),-81.7842,24.5554,23,71,195,55,1198,131,335,300,540,480,56,0,0,0,0
NoahOhlsen,2,South East (Miami),-80.1918,25.7617,27,67,185,59,1215,132,355,285,540,465,72,1,1,1,2
CaineHayes,3,Australia,133.7751,-25.2744,39,76,216,75,1205,133,308,253,506,418,75,1,0,1,2
GuidoTrinidad,7,South East (Miami),-80.1918,25.7617,34,67,187,62,1273,132,315,245,465,415,63,1,1,1,2
AaronBielefeldt,5,South Central (San Antonio),-98.4946,29.4252,32,73,200,62,1202,137,345,265,575,460,60,1,1,0,0
RikardLanner,11,Sweden,18.6435,60.1282,36,73,216,66,1275,133,331,271,584,509,65,1,1,1,2
JustinKing,10,North Central (Louisiana),-91.9623,30.9843,32,73,225,61,1302,141,365,300,535,515,67,0,1,0,0
NickBloch,41,North Central (Louisiana),-91.9623,30.9843,29,72,219,60,1470,136,365,315,620,545,56,1,1,1,2
BillGrundler,2,Southern California (San Luis),-120.6596,35.2828,45,72,195,64,1229,134,285,225,455,400,76,0,1,1,2
DustySulon,4,Northern California (San Ramon),-121.954,37.7644,35,72,185,67,1244,134,305,260,500,420,66,0,1,1,2
LoganCollins,11,South Central (Texas),-98.9018,33.9686,23,68,167,55,1280,138,305,245,500,435,57,0,1,1,2
RichardBohlken,16,South Central (Texas),-100.9018,32.9686,26,71,197,62,1253,146,335,270,530,425,55,1,0,0,0
TravisWilliams,19,South Central (Texas),-99.2018,31.9686,22,69,205,62,1255,144,355,280,550,475,50,1,1,1,2
BrandonLuckett,23,South Central (Texas),-97.9018,30.9686,20,73,197,58,1214,159,305,235,405,340,50,1,0,1,2
JosephGuesnier,36,South Central (Texas),-99.5018,31.5,24,72,205,58,1302,174,345,300,545,470,40,1,1,1,2
JordanCook,36,South Central (Texas),-98.1018,31.8,23,69,195,60,1300,175,330,270,500,440,43,1,1,1,2
JeffGermond,41,South Central (Texas),-101.9018,31.9686,33,68,193,65,1316,210,325,260,465,430,50,1,1,1,2
TravisMayer,10,South East (Georgia),-82.9001,32.1656,24,71,198,54,1283,135,360,295,565,500,70,1,1,1,2
DanielPetro,13,South East (Georgia),-82.9001,32.1656,26,71,205,65,1298,131,320,285,515,480,65,1,1,1,2
JeffEvans,35,South East (Georgia),-82.9001,32.1656,26,72,207,70,1257,162,405,315,550,540,47,1,1,1,2
MarquanJones,36,South East (Georgia),-82.9001,32.1656,24,71,190,68,1267,205,330,285,485,415,54,0,1,1,2
LandonBrazell,17,South East (Alabama),-86.9023,32.3182,32,72,200,58,1266,153,345,235,515,455,55,0,1,1,2
SamDancer,32,Southern California (San Diego),-117.1611,32.7157,27,71,215,68,1380,162,365,315,655,535,55,1,0,1,2
JamesHobart,2,Central East (Charleston),-81.1637,33.8361,28,68,185,64,1199,138,325,260,505,425,70,0,0,1,2
JoshMiller,82,South East (South Carolina),-81.1637,33.8361,25,69,180,58,1420,259,325,260,480,415,45,1,0,1,2
DanBailey,4,Southern California (Los Angeles),-118.2437,34.0522,30,67,180,47,1140,137,305,265,540,405,68,0,1,1,2
JustinBrown,14,Southern California,-115.4194,34.9592,30,72,205,75,1250,137,245,240,375,315,55,0,0,0,0
JonPera,18,Southern California,-117.3294,34.9592,31,70,202,50,1252,133,350,280,500,475,53,1,1,1,2
DanBailey,19,Southern California,-114.4194,34.9592,30,67,180,47,1232,137,305,265,540,405,55,0,1,1,2
KennethLeverich,19,Southern California,-117.4194,34.9592,26,68,185,60,1280,137,365,302,525,465,52,0,0,0,0
ChadMelton,25,Southern California,-119.4194,34.9592,25,68,205,65,1410,158,345,285,535,460,55,1,0,1,2
JasonCarroll,28,Southern California,-118.4194,34.9592,25,70,180,57,1441,159,323,252,565,450,46,0,0,1,2
EricCarmody,38,Southern California,-116.4194,34.9592,27,71,200,60,1389,172,340,270,515,500,50,0,1,0,0
YuriiHanson,3,North West (Montana),-110.3626,46.8797,38,69,187,57,1214,138,301,246,405,405,75,0,1,0,0
JustinAllen,17,North Central (Oklahoma),-97.0929,35.0078,28,72,210,60,1272,151,350,285,525,465,60,1,1,1,2
SaxonPanchik,5,Central East (Tennessee),-86.5804,35.5175,24,68,180,52,1252,134,360,295,520,470,62,1,0,1,2
WillMoorad,10,Central East (Tennessee),-86.5804,35.5175,25,69,185,68,1200,132,355,310,525,460,50,1,1,1,2
JamesHobart,21,Central East (Tennessee),-86.5804,35.5175,28,68,185,65,1350,138,325,260,485,405,50,0,0,1,2
SteveJohnson,11,Mid Atlantic (North Carolina),-79.0193,35.7596,31,68,169,65,1210,132,305,245,520,450,55,0,0,1,2
AntHaynes,27,China,104.1954,35.8617,25,70,196,54,1450,181,287,209,485,375,50,1,1,1,2
MichaelMogard,46,South Korea,127.7669,35.9078,31,69,183,60,1360,210,330,290,561,471,50,0,1,1,2
MattChan,2,South West (Denver),-104.9903,39.7392,37,69,218,60,1274,139,345,300,572,445,70,1,1,1,2
MikeEberts,6,Canada West (British Columbia),-125.9066,49.1530,37,67,182,60,1253,139,285,230,500,425,65,1,0,0,0
JoeCorvo,7,North Central (North Dakota),-101.002,47.5515,37,72,205,67,1277,139,275,225,500,400,60,1,1,0,0
ZacharyForrest,11,South West (Nevada),-115.1398,36.1699,29,67,175,61,1200,124,315,250,475,410,54,1,1,1,2
ZacharyForrest,42,South West (Nevada),-115.1398,36.1699,29,67,180,61,1300,124,335,265,500,430,57,1,1,1,2
ChrisBeery,7,Northern California (Fresno),-119.7871,36.7378,33,68,180,62,1216,142,265,205,455,420,67,1,0,1,2
JasonKhalipa,2,Northern California (San Jose),-119.8863,37.3382,29,69,210,60,1200,137,355,285,550,450,74,0,1,0,0
JeffTincher,2,Mid Atlantic (Herndon),-77.3861,38.9696,46,69,185,57,1165,141,245,190,480,355,63,0,1,0,0
AlecSmith,25,Mid Atlantic (Virginia),-78.6569,37.4316,22,70,176,60,1390,163,340,275,475,440,45,0,1,1,2
JeffPatzer,34,Northern California,-118.123,37.4419,26,66,169,65,1264,183,245,175,375,375,55,0,0,0,0
WesPiatt,35,Northern California,-121.103,37.4419,29,71,195,59,1300,176,340,280,545,425,40,0,1,1,2
ShawnRamirez,1,South East (Miami),-80.1918,25.7617,40,72,200,82,1056,143,305,235,515,425,80,0,1,1,2
DakotaRager,22,Northern California (Palo Alto),-122.143,37.4419,23,64,169,64,1300,147,320,245,450,415,56,0,0,1,2
TimDymmel,7,Northern California (Palo Alto),-122.143,37.4419,39,70,190,60,1291,144,303,245,447,415,65,1,1,1,2
BryanMiller,31,Northern California (Palo Alto),-120.133,37.4419,24,73,215,63,1470,171,335,275,500,430,52,0,1,1,2
BenAlderman,9,Northern California (Sacramento),-121.4944,38.5816,32,70,210,59,1269,139,355,293,515,440,60,0,1,1,2
MarcusFilly,12,Northern California (Sacramento),-119.4424,38.5816,30,70,200,59,1280,140,345,270,465,425,62,1,1,1,2
JeffreyPrejean,3,South Central (Alexandria),-92.4451,31.3113,40,74,208,58,1190,145,285,215,500,390,70,1,1,1,2
BrianCampbell,6,North East (Massachusetts),-71.3824,42.4072,36,71,185,71,1310,145,255,195,405,315,63,1,0,0,0
WillZerlang,16,Northern California ,-120.8958,38.8375,34,70,187,75,1286,144,295,245,455,425,52,0,1,1,2
GarretFisher,5,Northern California (San Jose),-120.8958,38.8375,23,73,205,55,1240,129,355,285,525,475,65,0,0,0,0
PeterKazanas,8,South East (Miami),-80.1918,25.7617,39,70,182,74,1242,146,300,225,500,405,61,0,1,1,2
MarcusHendren,6,Central East (Washington DC),-77.0369,38.9072,26,70,200,59,1270,131,355,275,550,455,66,0,0,1,2
AtesBoran,60,Turkey,35.2433,38.9637,28,68,169,65,1500,166,309,254,474,419,40,0,0,1,2
JordanTroyan,20,Mid Atlantic (Herndon),-77.3861,38.9696,30,70,180,55,1315,134,305,255,485,410,55,0,1,1,2
ChandlerSmith,6,Mid Atlantic (Maryland),-76.6413,39.0458,21,67,180,53,1240,135,300,240,525,415,66,1,0,1,2
GaryHelmick,27,Mid Atlantic (Maryland),-76.6413,39.0458,27,70,180,65,1400,152,310,245,525,420,50,0,1,1,2
TommyHackenbruck,6,South West (Utah),-111.0937,39.3210,33,73,210,57,1320,129,340,285,535,525,60,0,1,1,2
KyleBoyer,6,South West (Utah),-111.0937,39.3210,34,72,195,59,1229,133,320,240,500,445,62,0,1,1,2
MatthewSwift,1,Australia,133.7751,-25.2744,45,70,187,65,1171,148,320,254,496,419,70,1,1,1,2
MikeKern,2,North East (Long Island),-73.6343,40.7268,38,71,187,60,1185,148,290,235,488,390,80,0,1,1,2
AdrianConway,21,South West (Utah),-111.0937,39.3210,29,70,202,56,1475,137,345,270,585,475,50,0,1,1,2
JeromePerryman,2,North West (Portland),-122.6784,45.5152,41,75,220,58,1185,149,315,275,621,445,88,0,0,0,0
KarlDyall,3,Sweden,18.6435,60.1282,48,70,185,62,1187,149,298,220,494,386,83,1,1,0,0
JasonKelly,9,South West (Colorado),-105.7821,39.5501,37,72,185,61,1238,149,305,242,535,465,60,0,1,0,0
MattHathcock,29,South West (Colorado),-105.7821,39.5501,29,69,200,68,1418,152,315,245,495,395,50,0,1,0,0
MichaelMoseley,1,South West (Arizona),-111.0937,34.0489,41,68,193,59,1183,150,275,220,455,395,78,0,1,1,2
JohnLynch,2,North East (Connecticut),-72.6506,41.5623,42,71,205,66,1260,150,275,205,475,415,70,0,0,1,2
JaredEnderton,35,South West (Colorado),-105.7821,39.5501,26,66,209,62,1425,172,429,345,550,500,45,0,1,1,2
EdmundTan,102,Malaysia,101.9758,4.2105,28,67,149,61,1593,278,265,220,386,364,40,1,1,1,2
EamonCoyne,17,North East (New Jersey),-74.4057,40.0583,34,67,175,63,1230,146,320,245,505,435,47,1,1,1,2
JustinLaSala,2,North East (New Jersey),-74.4057,40.0583,40,67,185,63,1299,151,265,210,415,385,70,0,1,1,2
ErwinvanBeek,4,Netherlands,5.2913,52.1326,42,70,190,60,1193,151,276,220,551,463,66,0,1,0,0
HeathMoody,7,South Central (Texas),-99.9018,31.9686,36,73,216,59,1288,151,335,252,515,410,68,0,0,0,0
IainMaclean,10,Canada West (saskatchewan),-106.6702,52.1579,37,70,196,56,1252,151,280,235,485,375,61,1,0,0,0
DavidCornthwaite,14,North Central (Illinois),-89.3985,40.6331,33,68,200,57,1280,148,355,295,475,450,56,1,1,1,2
PhillipKniep,6,North Central (Nebraska),-96.8351,40.8371,31,72,215,65,1218,138,340,275,550,465,58,1,1,1,2
JerryHill,1,Mid Atlantic (Virginia),-78.6569,37.4316,48,67,165,64,1168,152,255,200,455,385,80,0,0,1,2
JoeAmes,1,North East (Massachusetts),-71.3824,42.4072,50,73,195,60,1137,175,255,200,445,325,65,1,0,0,0
ThomasHyland,10,Southern California (Los Angeles),-118.2437,34.0522,39,67,185,67,1268,152,325,255,565,440,62,1,1,1,2
AdrianConway,3,South West (Layton),-111.9711,41.0602,29,70,202,56,1275,137,345,270,585,475,72,0,1,1,2
JordanTroyan,2,Mid Atlantic (Pennsylvania),-77.1945,41.2033,30,70,180,55,1180,134,320,265,500,420,70,0,1,1,2
KyleKasperbauer,1,North Central (Nebraska),-99.9018,41.4925,32,68,190,51,1132,124,345,285,508,508,71,1,1,1,2
AlanBates,4,Northern California (Sacramento),-121.4944,38.5816,44,71,200,61,1200,153,285,245,470,425,63,0,1,1,2
ChristopherBourke,9,United Arab Emirates,53.8478,23.4241,41,69,204,60,1200,153,301,246,535,450,68,0,1,1,2
DarrenEllis,12,Australia,133.7751,-25.2744,39,69,174,65,1263,153,254,220,408,342,69,0,1,1,2
TravisStoetzel,7,North Central (Nebraska),-99.9018,41.4925,32,67,180,58,1305,138,325,245,500,425,68,0,0,1,2
CraigKenney,11,North East (Connecticut),-73.0877,41.6032,28,72,202,62,1193,136,335,285,525,425,59,0,1,1,2
ScottPanchik,4,Central East (Ohio),-81.3396,41.6662,27,69,187,55,1230,124,325,265,505,425,65,0,0,0,0
ArmandMcCormick,12,North Central (Iowa),-93.0977,41.8780,32,70,190,58,1280,135,313,254,518,419,59,0,1,1,2
NathanLoren,3,North West (Washington),-122.6739,45.6280,42,72,188,59,1189,154,260,215,500,400,70,0,1,0,0
RonOrtiz,1,South East (Florida),-81.5158,27.6648,49,75,219,85,1115,155,285,230,405,390,70,1,0,1,2
RobbieDavis,5,South West (Florida),-80.3582,27.2730,44,70,185,70,1222,155,270,210,475,385,60,1,1,1,2
TonyKurz,8,Mid Atlantic (Virginia),-78.6569,37.4316,36,70,209,69,1240,156,278,222,484,440,60,0,1,1,2
LukeSchafer,22,North Central (Iowa),-93.0977,41.8780,21,69,165,54,1330,140,245,165,350,350,50,0,0,1,2
BrentMaier,2,South West (Colorado spring),-104.8214,38.8339,43,74,204,58,1254,158,305,255,515,415,66,1,0,0,0
KeithChrisman,5,North West (Montana),-110.3626,46.8797,41,72,205,67,1208,158,305,232,482,425,67,1,0,1,2
AustinMalleolo,8,North East (Massachusetts),-71.3824,42.4072,27,65,175,59,1221,131,325,255,570,420,65,1,1,1,2
MikeAbgarian,8,North East (Massachusetts),-71.3824,42.4072,31,64,157,61,1250,138,305,230,425,425,61,0,1,1,2
EnricClosa,137,Andorra,1.5218,42.5063,28,67,187,65,1593,225,198,154,331,353,40,0,0,0,0
TimPaulson,14,North East (New York),-74.2179,43.2994,24,73,211,61,1182,135,365,300,530,465,58,1,1,1,2
DanielTyminski,31,North East (New York),-74.2179,43.2994,28,69,195,55,1400,158,340,290,525,425,45,0,1,1,2
PatrickVellner,2,Canada East (Toronto),-79.3832,43.6532,30,71,195,66,1130,139,355,285,595,455,74,1,0,0,0
NickBloch,5,North Central (Wisconsin),-88.7879,43.7844,29,72,219,60,1270,136,365,315,620,545,60,1,1,1,2
GlennWaters,5,Central East (Kentucky),-84.27,37.8393,47,70,176,69,1263,162,225,165,445,325,55,0,1,1,2
GregSmiley,19,Southern California,-116.4194,34.9592,47,67,165,65,1232,162,265,195,380,345,55,1,1,1,2
BenStoneberg,9,North West (Oregon),-119.5542,45,27,67,180,57,1240,130,335,265,500,475,63,0,1,1,2
CodyAnderson,10,North West (Oregon),-121.5542,43.8041,22,67,160,65,1253,134,300,235,420,390,63,0,1,1,2
ZackBayag,6,South East (Miami),-80.1918,25.7617,44,69,174,62,1320,163,215,175,335,335,65,0,1,0,0
SpencerWhiteley,15,United Kingdom,-3.436,55.3781,36,68,171,60,1294,163,290,249,462,407,50,0,1,1,2
GeorgeSanchez,21,North West (Oregon),-125.5542,41,23,73,209,58,1400,146,305,215,525,405,55,1,0,1,2
KevinSimons,37,North West (Oregon),-120.5542,43.8041,27,67,193,70,1390,163,361,302,575,515,55,1,1,1,2
JasonGrubb,1,South West (Utah),-111.0937,39.3210,39,69,185,63,1180,164,295,225,485,395,85,0,1,1,2
ChrisExarhos,9,North West (Washington),-120.7401,47.7511,43,70,182,72,1245,164,280,220,445,385,64,1,1,1,2
RonMathews,1,Southern California (Los Angeles),-118.2437,34.0522,45,75,237,62,1192,165,295,245,585,485,63,0,1,0,0
JayBradley,4,South East (Georgia),-82.9001,32.1656,48,65,153,80,1280,165,235,190,405,325,63,1,1,0,0
AdamIzzo,16,North East (Massachusetts),-71.3824,42.4072,37,69,175,69,1278,165,310,240,455,455,48,0,0,1,2
ArtHamilton,16,Mid Atlantic (Virginia),-78.6569,37.4316,37,69,195,82,1213,165,275,215,500,460,34,0,0,1,2
WesleyRethwill,37,North West (Oregon),-123.5542,40,24,72,197,65,1350,178,335,260,528,482,48,1,1,1,2
RyanSwobody,44,North West (Oregon),-120.5542,43.8041,30,70,182,56,1392,191,305,251,535,455,52,0,1,1,2
RobertDavis,1,South West (Colorado),-105.7821,39.5501,37,72,207,70,1170,167,265,185,550,405,73,0,1,1,2
RobLaBar,10,South East (Florida),-81.5158,27.6648,44,69,183,69,1220,167,290,225,400,375,60,1,1,1,2
BrianKunitzer,13,South West (Arizona),-111.0937,34.0489,35,69,188,57,1218,167,305,255,475,425,58,0,1,1,2
StaceyAdams,16,South East (Georgia),-82.9001,32.1656,39,69,169,68,1222,168,285,226,455,345,55,0,0,0,0
ScottTasaka,5,Canada West (British Columbia),-125.9066,49.1530,44,68,167,58,1180,169,235,200,435,335,60,0,1,0,0
DavidJones,7,Mid Atlantic (Virginia),-78.6569,37.4316,42,69,189,68,1266,169,285,235,503,425,60,0,1,1,2
JeffErnsberger,10,Mid Atlantic (Virginia),-78.6569,37.4316,48,74,199,59,1223,170,250,165,450,350,60,0,1,1,2
CraigEisman,2,North Central (Iowa),-93.0977,41.8780,50,68,174,63,1240,152,250,202,535,440,74,1,0,1,2
BubbaHagood,8,North East (Massachusetts),-71.3824,42.4072,49,68,165,80,1186,171,237,175,425,325,59,0,1,1,2
TiagoLopes,17,Brazil,-51.9253,-14.235,37,67,168,68,1290,171,265,205,415,355,50,0,1,1,2
RichardFroningJr.,1,Central East (Michigan),-85.6024,44.3148,27,69,195,65,1200,133,370,305,570,475,75,0,1,1,2
SaschaTank,14,Australia,133.7751,-25.2744,39,68,165,70,1195,172,247,198,485,375,55,0,0,0,0
ElijahMuhammad,16,Central East (Michigan),-85.6024,44.3148,26,72,200,63,1220,146,350,295,565,475,57,0,1,1,2
RoyGamboa,22,South Central (Maine),-69.4455,45.2538,27,68,200,56,1285,145,365,310,525,465,50,0,0,1,2
AdamDavidson,27,Canada East (Ottawa),-75.6972,45.4215,23,70,185,50,1364,161,335,260,525,465,48,0,1,0,0
JamesFitzGerald,4,South West (Arizona),-111.0937,34.0489,47,69,176,58,1260,173,275,215,485,385,69,0,0,0,0
SeanMarsh,6,Northern California (Eureka),-124.1637,40.8021,47,70,208,65,1200,173,275,205,405,385,60,0,1,1,2
BrigEdwards,2,South East (Florida),-81.5158,27.6648,53,72,198,71,1200,160,235,175,400,340,80,0,0,1,2
BradBecker,17,North Central (Wisconsin),-88.7879,43.7844,37,67,175,66,1150,174,285,215,430,395,60,0,0,0,0
PeteShaw,29,Canada East (Ottawa),-75.6972,45.4215,25,73,215,61,1307,152,302,235,485,385,53,1,1,1,2
AlexVigneault,8,Canada East (Quebec),-71.208,46.8139,22,71,203,62,1285,137,325,285,565,450,65,0,1,1,2
CliffMusgrave,1,Central East (Ohio),-2.9071,40.4173,46,67,175,68,1136,175,235,190,467,365,90,0,1,0,0
ChristianBiagi,4,North West (Oregon),-120.5542,43.8041,47,70,193,61,1317,175,278,205,425,405,72,1,0,0,0
JohnKim,8,South East (South Carolina),-81.1637,33.8361,47,68,167,79,1292,175,245,190,425,360,61,0,1,1,2
DanWells,14,Southern California,-116.4194,34.9592,41,69,165,56,1257,175,265,232,405,365,53,0,1,0,0
ZakCarchedi,23,North Central (North Dakota),-101.002,47.5515,21,69,180,64,1400,150,350,285,515,475,45,0,1,1,2
SamuelKwant,2,North West (Washington),-122.7401,47.7511,19,70,200,50,1185,128,345,285,505,445,74,1,0,1,2
MattBeals,2,Northern California (San Jose),-120.8958,38.8375,48,73,197,65,1200,177,250,200,450,350,70,1,1,1,2
VadimDarchinov,9,Russia,105.3188,61.5240,48,66,170,75,1400,177,265,216,441,441,62,1,1,1,2
JoeyLochner,3,North West (Oregon),-120.5542,43.8041,51,72,190,68,1200,178,245,190,465,365,77,1,1,0,0
ColeSager,5,North West (Washington),-120.7401,47.7511,24,70,207,56,1200,125,340,275,455,475,58,0,0,1,2
ChristopherStamper,6,South East (Alabama),-86.9023,32.3182,47,69,186,70,1290,179,280,235,465,385,59,0,0,0,0
VicMcQuaide,3,Southern California (Lakeside),-116.9222,32.8573,46,71,185,62,1205,180,235,195,450,375,74,0,0,0,0
ChadKarlewicz,6,North West (Washington),-120.7401,47.7511,49,69,180,60,1283,180,245,185,400,375,59,1,1,0,0
KenGall,16,South East (Georgia),-82.9001,32.1656,42,72,195,59,1140,180,275,185,460,363,50,0,1,0,0
BradleyAlcock,13,North West (Washington),-119.7401,47.7511,32,67,174,48,1281,149,260,200,420,375,65,0,0,1,2
ScottDeTore,5,North East (New York),-74.2179,43.2994,49,66,170,79,1245,181,245,190,435,390,62,0,1,0,0
JeremyHilsen,18,South East (Florida),-81.5158,27.6648,36,70,190,60,1290,181,315,245,535,460,49,0,0,1,2
SeanMalloy,19,North Central (Oklahoma),-97.0929,35.0078,39,74,205,61,1255,181,295,225,555,385,60,0,1,1,2
MichaelLaverriere,5,Canada East (Quebec),-73.536,47.8360,33,69,177,59,1195,132,345,270,645,480,60,1,0,1,2
EddieSimpson,16,Central East (Kentucky),-84.27,37.8393,41,72,205,52,1260,182,285,235,475,415,48,0,0,0,0
Albert-DominicLarouche,12,Canada East (Quebec),-69.536,47.8360,24,70,195,58,1290,147,335,265,545,435,60,1,1,1,2
SimonPaquette,26,Canada East (Quebec),-64.536,47.8360,26,71,205,60,1415,174,325,255,470,420,52,1,0,1,2
MarkZiolkowski,10,North East (New Jersey),-74.4057,40.0583,47,72,225,63,1211,183,300,210,500,410,67,1,1,1,2
BrianYoak,18,Central East (Ohio),-2.9071,40.4173,40,68,179,63,1215,183,290,210,505,405,55,0,0,1,2
ErikToth,58,Slovakia,19.6990,48.6690,25,70,189,61,1483,172,315,245,450,450,40,1,1,1,2
BradPosnanski,18,North East (New York),-74.2179,43.2994,43,69,195,68,1210,184,255,220,445,405,59,1,1,1,2
LucasParker,14,Canada West (British Columbia),-128.9066,49.1530,25,68,185,60,1220,143,345,291,485,490,48,0,0,1,2
TysonTakasaki,19,Canada West (British Columbia),-125.9066,51,27,73,204,62,1260,130,350,305,525,462,55,0,0,1,2
WilliamWalker,10,Central East (Kentucky),-84.27,37.8393,46,69,172,57,1200,185,240,180,405,335,65,0,1,1,2
JoeScali,38,Canada West (British Columbia),-123.9066,49.1530,28,72,190,60,1480,184,330,260,505,450,50,1,1,1,2
AlbertPolice,8,Northern California (San Jose),-120.8958,38.8375,47,64,166,73,1165,186,235,220,445,355,65,1,0,1,2
CoryDague,15,South East (Georgia),-82.9001,32.1656,42,69,184,61,1283,187,270,195,465,420,45,0,1,1,2
ChrisWeir,17,Central East (Michigan),-85.6024,44.3148,43,70,178,60,1260,187,265,215,425,385,60,1,1,0,0
DavidCasalena,11,North Central (Illinois),-89.3985,40.6331,47,69,209,63,1227,188,270,220,495,375,68,1,0,1,2
FrankWray,3,Central East (New Port),-84.4958,39.0914,51,69,175,64,1231,192,215,170,465,324,70,1,0,1,2
JeffGoebel,4,Central East (Tennessee),-86.5804,35.5175,50,69,167,60,1210,211,245,185,420,390,60,0,1,1,2
PaulTeehan,10,North East (Massachusetts),-71.3824,42.4072,41,72,190,68,1218,189,245,185,465,415,67,0,1,0,0
JodyHendrix,4,North Central (Wisconsin),-88.7879,43.7844,51,70,182,75,1320,265,265,210,405,325,61,0,0,0,0
JeffreyLaMonica,14,Southern California,-116.4194,34.9592,45,71,190,60,1394,190,195,147,330,270,51,1,1,0,0
JarrodBowe,15,Australia,133.7751,-25.2744,41,74,216,68,1266,190,287,245,441,364,50,0,1,1,2
BrianBeck,17,Australia,133.7751,-25.2744,43,75,187,62,1291,191,265,209,441,353,55,0,1,1,2
MarlonAzurdia,54,Canada West (British Columbia),-129.9066,52,29,69,194,61,1400,165,320,270,545,445,45,0,0,1,2
CurtisDunn,5,North Central (Wisconsin),-88.7879,43.7844,51,68,174,58,1285,174,245,205,445,400,60,0,1,0,0
DennisCheatham,20,Central East (Ohio),-2.9071,40.4173,47,70,195,86,1300,192,265,195,500,415,65,0,1,1,2
LukasEsslinger,17,Germany,10.4515,51.1657,22,71,203,65,1120,150,320,275,561,455,65,0,1,1,2
JeremyHerider,12,Southern California (Los Angeles),-118.2437,34.0522,43,70,181,65,1250,193,285,225,545,435,52,0,1,1,2
JeffDempsey,13,South East (Georgia),-82.9001,32.1656,48,71,169,67,1269,193,285,215,385,335,50,0,1,1,2
RayCarr,13,Mid Atlantic (Virginia),-78.6569,37.4316,46,71,195,55,1288,195,255,195,455,365,65,1,0,1,2
KenIdler,5,North West (Washington),-120.7401,47.7511,52,72,195,76,1267,189,235,190,425,375,65,0,1,1,2
BenKelly,13,North East (Connecticut),-72.6506,41.5623,44,71,197,63,1197,197,255,195,445,410,57,0,1,0,0
GabrielRomero,18,South West (Colorado),-105.7821,39.5501,41,65,155,63,1238,198,250,195,445,375,58,1,0,1,2
BobRuano,5,South East (Florida),-82.3248,29.6516,51,65,165,78,1151,197,275,205,455,375,65,1,0,1,2
RonaldThomas,15,Central East (Ohio),-81.3396,41.6662,48,71,199,67,1240,200,245,185,465,415,55,0,0,1,2
DanLoewenberg,19,North East (Connecticut),-72.6506,41.5623,40,69,180,57,1260,200,275,205,465,395,61,0,1,1,2
DavidLevey,32,South Africa,22.9375,-30.5595,37,70,198,50,1280,200,320,265,474,441,45,0,1,1,2
LukasEsslinger,21,Germany,10.4515,51.1657,22,71,203,65,1280,150,320,275,561,455,50,0,1,1,2
AllenDuarte,6,Hawaii,-155.5828,19.8968,51,67,165,68,1363,200,245,200,430,350,65,0,0,1,2
CjRusso,12,North East (New York),-74.2179,43.2994,45,65,162,68,1358,202,265,215,455,405,68,1,1,0,0
WesSchneider,15,Southern California,-116.4194,34.9592,43,74,200,58,1200,202,315,235,445,405,46,0,0,1,2
SamStewart,37,Ireland,-7.6921,53.1424,23,67,174,60,1400,182,352,286,550,451,45,1,0,1,2
BrandonNolin,14,Central East (Ohio),-2.9071,40.4173,36,71,220,74,1230,203,341,280,525,425,50,0,0,0,0
RobertBoshoven,6,Central East (Michigan),-83.4833,42.4311,52,69,190,60,1284,226,235,165,475,365,60,1,1,1,2
ArminasBalevicius,43,Lithuania,23.8813,55.1694,22,69,170,56,1450,184,335,256,496,421,49,0,0,1,2
DariusBoockholdt,7,North West (Idaho),-114.742,44.0682,51,69,179,70,1185,229,240,185,425,375,60,0,0,1,2
BrandonBonser,14,South Central (Texas),-99.9018,31.9686,45,74,215,70,1215,204,245,185,455,365,53,0,1,1,2
JohnBusch,7,Mid Atlantic (Pennsylvania),-77.1945,41.2033,52,69,189,69,1280,296,235,200,457,320,62,0,0,0,0
BryanShockley,15,South East (Georgia),-82.9001,32.1656,48,68,165,85,1220,205,225,175,325,300,50,0,1,1,2
ElliotSimmonds,19,United Kingdom,-3.436,55.3781,21,72,185,67,1302,153,330,275,500,420,50,0,1,1,2
MarcoCasali,2,Chile,-71.543,-35.6751,48,69,185,58,1245,209,276,220,441,445,70,0,1,1,2
ToddMcKinnon,14,Northern California (San Jose),-120.8958,38.8375,43,74,193,65,1190,210,245,190,395,350,55,0,0,0,0
StevenFawcett,26,United Kingdom,-3.436,55.3781,26,68,176,59,1390,160,343,264,444,440,45,1,1,1,2
PhilHesketh,29,United Kingdom,-3.436,55.3781,24,71,209,68,1432,153,335,295,575,500,40,0,1,1,2
AbeCook,8,North West (Oregon),-120.5542,43.8041,50,67,175,62,1240,236,255,187,430,360,64,0,1,0,0
JarrodNewman,12,North West (Washington),-120.7401,47.7511,45,71,184,65,1306,211,235,205,450,345,52,0,0,1,2
MattNicholson,10,Australia,133.7751,-25.2744,51,67,176,60,1245,205,242,195,495,429,65,0,1,0,0
DionWalmsley,3,Australia,133.7751,-25.2744,48,70,179,55,1190,216,231,187,441,331,74,0,1,0,0
EricBartlett,11,Central East (Michigan),-85.6024,44.3148,48,67,175,70,1190,216,225,175,405,325,66,0,1,0,0
PatrickSprague,14,North West (Washington),-120.7401,47.7511,49,70,215,70,1200,218,260,205,525,440,50,0,0,0,0
WillPowell,1,South Central (Texas),-99.9018,31.9686,60,72,203,67,1184,220,245,207,475,415,70,0,0,1,2
KevinUnger,5,North East (Massachusetts),-71.3824,42.4072,48,70,201,66,1256,220,260,185,360,315,65,1,0,0,0
FrederikAegidius,15,Denmark,9.5018,56.2639,27,69,192,67,1240,147,287,220,441,397,50,0,1,1,2
BrianCurley,11,North East (Massachusetts),-71.3824,42.4072,54,73,196,75,1207,201,225,176,405,345,57,1,1,1,2
BillyGoodson,11,South East (Georgia),-82.9001,32.1656,50,69,199,78,1198,247,245,210,445,410,65,0,1,0,0
DavidSantaCruzBorgstrand,9,Sweden,18.6435,60.1282,32,71,194,63,1150,138,320,243,507,441,66,1,1,1,2
GregMerkac,10,Canada East (Quebec),-71.208,46.8139,43,71,202,65,1290,225,285,205,435,370,65,0,0,1,2
StefanHelgiEinarsson,6,Iceland,-19.0208,64.9631,32,70,185,55,1224,136,308,253,484,484,60,0,0,0,0
WillBurke,12,Hawaii,-155.5828,19.8968,52,72,185,75,1300,280,205,155,355,335,63,0,0,1,2
RandalLane,18,South West (Colorado),-105.7821,39.5501,46,72,192,65,1200,226,255,195,455,375,52,1,1,0,0
CliffLewis,14,South Central (Texas),-99.9018,31.9686,50,69,172,74,1180,189,240,180,375,325,50,1,1,1,2
JamesCrosby,14,North Central (North Dakota),-101.002,47.5515,51,69,183,75,1252,204,275,211,405,365,53,0,1,1,2
JasonMiller,10,Australia,133.7751,-25.2744,43,65,160,76,1200,230,135,125,335,200,59,0,0,0,0
SteveHamming,13,Central East (Michigan),-85.6024,44.3148,55,72,202,68,1180,235,255,205,425,355,65,1,0,0,0
GordMackinnon,20,Canada West (British Columbia),-125.9066,49.1530,56,73,205,68,1280,235,245,200,425,300,50,0,0,1,2
DonovanCarroll,14,Mid Atlantic (North Carolina),-79.0193,35.7596,50,69,185,90,1200,223,255,186,385,385,47,0,0,1,2
TonyTurski,14,Southern California,-116.4194,34.9592,53,70,161,65,1252,267,225,170,415,365,55,1,1,1,2
PerrySiplon,11,North Central (Kansas),-98.4842,39.0119,49,69,165,66,1213,249,227,177,460,340,56,1,0,0,0
TroyStraith,16,Canada West (British Columbia),-125.9066,49.1530,54,76,204,86,1283,292,215,165,345,265,45,1,1,1,2
AndyAndrews,136,Sri Lanka,80.7718,7.8731,26,66,149,66,1590,223,231,161,386,282,31,1,0,0,0
BruceYoung,16,Canada East (Toronto),-79.3832,43.6532,50,70,185,76,1201,300,218,170,425,320,51,1,0,1,2
JerryWilson,17,Central East (Kentucky),-84.27,37.8393,52,71,195,90,1270,211,225,185,435,355,50,1,1,1,2
RickBurrell,17,South East (Florida),-81.5158,27.6648,51,71,190,72,1260,227,225,185,415,375,57,0,1,1,2
AlvaroLopez,83,Panama,-80.7821,8.5380,29,68,180,66,1590,182,290,235,450,365,40,0,0,0,0
DennisCole,17,South West (Nevada),-115.1398,36.1699,54,70,168,66,1297,265,225,176,372,280,50,0,1,1,2
RussellKapper,18,Australia,133.7751,-25.2744,54,65,154,70,1200,249,220,187,386,331,30,1,1,1,2
BobLeFavi,19,South East (Florida),-81.5158,27.6648,54,64,168,68,1347,170,225,190,405,405,50,0,0,1,2
BrianMontgomery,19,South East (Florida),-81.5158,27.6648,51,69,178,66,1260,203,255,165,425,330,55,1,1,1,2
MattDettmann,19,North Central (Missouri),-91.8318,37.9643,41,70,179,68,1241,339,225,185,345,305,55,0,1,0,0
WilliamSanchez,117,Costa Rica,-83.7534,9.7489,47,70,217,72,1806,390,315,245,485,420,34,1,0,0,0
DavidGantz,20,North Central (Illinois),-89.3985,40.6331,54,67,167,74,1344,188,230,170,405,345,55,0,0,0,0
LonnieAtaman,20,North East (Massachusetts),-71.3824,42.4072,50,67,185,65,1300,222,265,215,455,375,52,0,0,0,0